{
  "results": [{
				"address_components": [{
										 "long_name": "Unnamed Road",
										 "short_name": "Unnamed Road",
										 "types": ["route"]
									   }, {
										 "long_name": "Al Shamkha",
										 "short_name": "Al Shamkha",
										 "types": ["sublocality_level_1", "sublocality", "political"]
									   }, {
										 "long_name": "Abu Dhabi",
										 "short_name": "Abu Dhabi",
										 "types": ["locality", "political"]
									   }, {
										 "long_name": "Abu Dhabi",
										 "short_name": "Abu Dhabi",
										 "types": ["administrative_area_level_1", "political"]
									   }, {
										 "long_name": "United Arab Emirates",
										 "short_name": "AE",
										 "types": ["country", "political"]
									   }],
				"formatted_address": "Unnamed Road - Abu Dhabi - United Arab Emirates",
				"geometry": {
				  "bounds": {
					"northeast": {
					  "lat": 24.3849254,
					  "lng": 54.69541
					},
					"southwest": {
					  "lat": 24.3833701,
					  "lng": 54.6934061
					}
				  },
				  "location": {
					"lat": 24.3848842,
					"lng": 54.6950991
				  },
				  "location_type": "GEOMETRIC_CENTER",
				  "viewport": {
					"northeast": {
					  "lat": 24.3854967302915,
					  "lng": 54.6957570302915
					},
					"southwest": {
					  "lat": 24.3827987697085,
					  "lng": 54.6930590697085
					}
				  }
				},
				"place_id": "ChIJi5PF4v5JXj4RkndFaEsfXgI",
				"types": ["route"]
			  }, {
				"address_components": [{
										 "long_name": "SH-17",
										 "short_name": "SH-17",
										 "types": ["neighborhood", "political"]
									   }, {
										 "long_name": "Al Shamkha",
										 "short_name": "Al Shamkha",
										 "types": ["sublocality_level_1", "sublocality", "political"]
									   }, {
										 "long_name": "Abu Dhabi",
										 "short_name": "Abu Dhabi",
										 "types": ["locality", "political"]
									   }, {
										 "long_name": "Abu Dhabi",
										 "short_name": "Abu Dhabi",
										 "types": ["administrative_area_level_1", "political"]
									   }, {
										 "long_name": "United Arab Emirates",
										 "short_name": "AE",
										 "types": ["country", "political"]
									   }],
				"formatted_address": "SH-17 - Abu Dhabi - United Arab Emirates",
				"geometry": {
				  "bounds": {
					"northeast": {
					  "lat": 24.3865801,
					  "lng": 54.72268589999999
					},
					"southwest": {
					  "lat": 24.3610542,
					  "lng": 54.687624
					}
				  },
				  "location": {
					"lat": 24.3798039,
					"lng": 54.7000221
				  },
				  "location_type": "APPROXIMATE",
				  "viewport": {
					"northeast": {
					  "lat": 24.3865801,
					  "lng": 54.72268589999999
					},
					"southwest": {
					  "lat": 24.3610542,
					  "lng": 54.687624
					}
				  }
				},
				"place_id": "ChIJBfe99P41Xj4Rl16SIdmXZ3Y",
				"types": ["neighborhood", "political"]
			  }, {
				"address_components": [{
										 "long_name": "Al Shamkha",
										 "short_name": "Al Shamkha",
										 "types": ["sublocality_level_1", "sublocality", "political"]
									   }, {
										 "long_name": "Abu Dhabi",
										 "short_name": "Abu Dhabi",
										 "types": ["locality", "political"]
									   }, {
										 "long_name": "Abu Dhabi",
										 "short_name": "Abu Dhabi",
										 "types": ["administrative_area_level_1", "political"]
									   }, {
										 "long_name": "United Arab Emirates",
										 "short_name": "AE",
										 "types": ["country", "political"]
									   }],
				"formatted_address": "Al Shamkha - Abu Dhabi - United Arab Emirates",
				"geometry": {
				  "bounds": {
					"northeast": {
					  "lat": 24.418158,
					  "lng": 54.7598505
					},
					"southwest": {
					  "lat": 24.3377908,
					  "lng": 54.667368
					}
				  },
				  "location": {
					"lat": 24.3948831,
					"lng": 54.7082568
				  },
				  "location_type": "APPROXIMATE",
				  "viewport": {
					"northeast": {
					  "lat": 24.418158,
					  "lng": 54.7598505
					},
					"southwest": {
					  "lat": 24.3377908,
					  "lng": 54.667368
					}
				  }
				},
				"place_id": "ChIJ1a3ZcPE1Xj4RbXE30WAwHsk",
				"types": ["sublocality_level_1", "sublocality", "political"]
			  }, {
				"address_components": [{
										 "long_name": "Abu Dhabi",
										 "short_name": "Abu Dhabi",
										 "types": ["locality", "political"]
									   }, {
										 "long_name": "Abu Dhabi",
										 "short_name": "Abu Dhabi",
										 "types": ["administrative_area_level_1", "political"]
									   }, {
										 "long_name": "United Arab Emirates",
										 "short_name": "AE",
										 "types": ["country", "political"]
									   }],
				"formatted_address": "Abu Dhabi - Abu Dhabi - United Arab Emirates",
				"geometry": {
				  "bounds": {
					"northeast": {
					  "lat": 24.6213301,
					  "lng": 54.8509598
					},
					"southwest": {
					  "lat": 24.1517661,
					  "lng": 54.268856
					}
				  },
				  "location": {
					"lat": 24.2991738,
					"lng": 54.6972774
				  },
				  "location_type": "APPROXIMATE",
				  "viewport": {
					"northeast": {
					  "lat": 24.6213301,
					  "lng": 54.8509598
					},
					"southwest": {
					  "lat": 24.1517661,
					  "lng": 54.268856
					}
				  }
				},
				"place_id": "ChIJufI-cg9EXj4RCBGXQZMuzMc",
				"types": ["locality", "political"]
			  }, {
				"address_components": [{
										 "long_name": "Abu Dhabi",
										 "short_name": "Abu Dhabi",
										 "types": ["administrative_area_level_1", "political"]
									   }, {
										 "long_name": "United Arab Emirates",
										 "short_name": "AE",
										 "types": ["country", "political"]
									   }],
				"formatted_address": "Abu Dhabi - United Arab Emirates",
				"geometry": {
				  "bounds": {
					"northeast": {
					  "lat": 25.246815,
					  "lng": 56.023933
					},
					"southwest": {
					  "lat": 22.6319311,
					  "lng": 51.4982281
					}
				  },
				  "location": {
					"lat": 23.4677235,
					"lng": 53.7369154
				  },
				  "location_type": "APPROXIMATE",
				  "viewport": {
					"northeast": {
					  "lat": 25.246815,
					  "lng": 56.023933
					},
					"southwest": {
					  "lat": 22.6319311,
					  "lng": 51.4982281
					}
				  }
				},
				"place_id": "ChIJGczaTT5mXj4RBNmakTvGr4s",
				"types": ["administrative_area_level_1", "political"]
			  }, {
				"address_components": [{
										 "long_name": "United Arab Emirates",
										 "short_name": "AE",
										 "types": ["country", "political"]
									   }],
				"formatted_address": "United Arab Emirates",
				"geometry": {
				  "bounds": {
					"northeast": {
					  "lat": 26.0765,
					  "lng": 56.4395001
					},
					"southwest": {
					  "lat": 22.6315138,
					  "lng": 51.4723
					}
				  },
				  "location": {
					"lat": 23.424076,
					"lng": 53.847818
				  },
				  "location_type": "APPROXIMATE",
				  "viewport": {
					"northeast": {
					  "lat": 26.0765,
					  "lng": 56.4395001
					},
					"southwest": {
					  "lat": 22.6315138,
					  "lng": 51.4723
					}
				  }
				},
				"place_id": "ChIJvRKrsd9IXj4RpwoIwFYv0zM",
				"types": ["country", "political"]
			  }],
  "status": "OK"
}